<?xml version="1.0" encoding="UTF-8"?>
<!DOCTYPE suite SYSTEM "https://testng.org/testng-1.0.dtd">
<suite name="Suite">
  <test thread-count="5" name="Test">
    <classes>
      <class name="Bobtail.Assignment.Bobtail.Assignment.Configuration"/>
      <class name="Bobtail.Assignment.Bobtail.Assignment.Gettitle"/>
      <class name="Bobtail.Assignment.Bobtail.Assignment.Percentoffcases"/>
      <class name="Bobtail.Assignment.Bobtail.Assignment.Fixedamountoffcases"/>
    </classes>
  </test> <!-- Test -->
</suite> <!-- Suite -->